trend_nome,oportunidades,descricao,exemplos
A ECONOMIA PÓS-PERFEIÇÃO,exemplos oportunidades descricao,exemplos oportunidades descricao,exemplos oportunidades descricao
"A EVOLUÇÃO DO ESPELHO, ESPELHO",exemplos oportunidades descricao,exemplos oportunidades descricao,exemplos oportunidades descricao
A EVOLUÇÃO DOS TECIDOS SOCIAIS,exemplos oportunidades descricao,exemplos oportunidades descricao,exemplos oportunidades descricao
A GRANDE EXPOSIÇÃO,exemplos oportunidades descricao,exemplos oportunidades descricao,exemplos oportunidades descricao
ALEGRIA,exemplos oportunidades descricao,exemplos oportunidades descricao,exemplos oportunidades descricao
ALIPAY,exemplos oportunidades descricao,exemplos oportunidades descricao,exemplos oportunidades descricao
COMPORTAMENTO,exemplos oportunidades descricao,exemplos oportunidades descricao,exemplos oportunidades descricao
DEATH CLOCK,exemplos oportunidades descricao,exemplos oportunidades descricao,exemplos oportunidades descricao
DESTAQUE DE MEGATENDÊNCIA,exemplos oportunidades descricao,exemplos oportunidades descricao,exemplos oportunidades descricao
IKEA,exemplos oportunidades descricao,exemplos oportunidades descricao,exemplos oportunidades descricao
LENOVO,exemplos oportunidades descricao,exemplos oportunidades descricao,exemplos oportunidades descricao
LIBERDADE,exemplos oportunidades descricao,exemplos oportunidades descricao,exemplos oportunidades descricao
LIFELABS LEARNING,exemplos oportunidades descricao,exemplos oportunidades descricao,exemplos oportunidades descricao
MARCAS EM AÇÃO,exemplos oportunidades descricao,exemplos oportunidades descricao,exemplos oportunidades descricao
METAFÍSICA | ERA DA CURA,exemplos oportunidades descricao,exemplos oportunidades descricao,exemplos oportunidades descricao
O FUTURO NASCE,exemplos oportunidades descricao,exemplos oportunidades descricao,exemplos oportunidades descricao
PARA VOCÊ,exemplos oportunidades descricao,exemplos oportunidades descricao,exemplos oportunidades descricao
PLANO B DE RENDA,exemplos oportunidades descricao,exemplos oportunidades descricao,exemplos oportunidades descricao
POR QUE AGORA?,exemplos oportunidades descricao,exemplos oportunidades descricao,exemplos oportunidades descricao
RARE BEAUTY,exemplos oportunidades descricao,exemplos oportunidades descricao,exemplos oportunidades descricao
SENSCAPING A EVOLUÇÃO DO SENSCAPING,exemplos oportunidades descricao,exemplos oportunidades descricao,exemplos oportunidades descricao
SENSESCAPING,exemplos oportunidades descricao,exemplos oportunidades descricao,exemplos oportunidades descricao
SUBMERSIVE,exemplos oportunidades descricao,exemplos oportunidades descricao,exemplos oportunidades descricao
THE SURFERS,exemplos oportunidades descricao,exemplos oportunidades descricao,exemplos oportunidades descricao
WEARE8,exemplos oportunidades descricao,exemplos oportunidades descricao,exemplos oportunidades descricao
WORTHWISE,exemplos oportunidades descricao,exemplos oportunidades descricao,exemplos oportunidades descricao
ÍNDICE DE ANSIEDADE,exemplos oportunidades descricao,exemplos oportunidades descricao,exemplos oportunidades descricao
